,Accuracy,Precision,Recall,F1-Score,ROC-AUC
Logistic Regression,0.7333333333333333,0.5714285714285714,0.8,0.6666666666666666,0.7000000000000002
Decision Tree,0.6666666666666666,0.5,0.4,0.4444444444444444,0.6
Random Forest,0.6,0.0,0.0,0.0,0.52
SVM,0.6666666666666666,0.0,0.0,0.0,0.6199999999999999
